Daily update on Mon Oct 27 15:13:52 UTC 2025
Daily update on Tue Oct 28 07:37:14 UTC 2025
Daily update on Wed Oct 29 07:37:24 UTC 2025
Daily update on Thu Oct 30 07:35:43 UTC 2025
Daily update on Fri Oct 31 07:35:18 UTC 2025
Daily update on Sat Nov  1 07:33:30 UTC 2025
Daily update on Sun Nov  2 07:33:48 UTC 2025
Daily update on Mon Nov  3 07:37:35 UTC 2025
Daily update on Tue Nov  4 07:37:44 UTC 2025
Daily update on Wed Nov  5 07:37:04 UTC 2025
Daily update on Thu Nov  6 07:36:28 UTC 2025
Daily update on Fri Nov  7 07:36:18 UTC 2025
Daily update on Sat Nov  8 07:33:45 UTC 2025
Daily update on Sun Nov  9 07:33:20 UTC 2025
Daily update on Mon Nov 10 07:37:15 UTC 2025
Daily update on Tue Nov 11 07:37:44 UTC 2025
Daily update on Wed Nov 12 07:38:03 UTC 2025
Daily update on Thu Nov 13 07:37:30 UTC 2025
Daily update on Fri Nov 14 07:36:59 UTC 2025
Daily update on Sat Nov 15 07:33:19 UTC 2025
Daily update on Sun Nov 16 07:34:20 UTC 2025
Daily update on Mon Nov 17 07:37:45 UTC 2025
Daily update on Tue Nov 18 07:37:29 UTC 2025
Daily update on Wed Nov 19 07:37:01 UTC 2025
Daily update on Thu Nov 20 07:36:46 UTC 2025
Daily update on Fri Nov 21 07:37:33 UTC 2025
Daily update on Sat Nov 22 07:33:35 UTC 2025
Daily update on Sun Nov 23 07:34:37 UTC 2025
Daily update on Mon Nov 24 07:37:36 UTC 2025
Daily update on Tue Nov 25 07:37:51 UTC 2025
Daily update on Wed Nov 26 07:37:51 UTC 2025
Daily update on Thu Nov 27 07:38:35 UTC 2025
Daily update on Fri Nov 28 07:37:55 UTC 2025
Daily update on Sat Nov 29 07:34:48 UTC 2025
Daily update on Sun Nov 30 07:34:02 UTC 2025
Daily update on Mon Dec  1 07:40:46 UTC 2025
Daily update on Tue Dec  2 07:40:29 UTC 2025
Daily update on Wed Dec  3 07:40:11 UTC 2025
Daily update on Thu Dec  4 07:39:26 UTC 2025
Daily update on Fri Dec  5 07:39:00 UTC 2025
Daily update on Sat Dec  6 07:34:23 UTC 2025
Daily update on Sun Dec  7 07:34:44 UTC 2025
Daily update on Mon Dec  8 07:41:35 UTC 2025
Daily update on Tue Dec  9 07:40:25 UTC 2025
Daily update on Wed Dec 10 07:40:57 UTC 2025
Daily update on Thu Dec 11 07:41:43 UTC 2025
Daily update on Fri Dec 12 07:41:02 UTC 2025
Daily update on Sat Dec 13 07:37:22 UTC 2025
Daily update on Sun Dec 14 07:36:25 UTC 2025
Daily update on Mon Dec 15 07:42:20 UTC 2025
Daily update on Tue Dec 16 07:41:14 UTC 2025
Daily update on Wed Dec 17 07:41:16 UTC 2025
Daily update on Thu Dec 18 07:39:59 UTC 2025
Daily update on Fri Dec 19 07:39:25 UTC 2025
Daily update on Sat Dec 20 07:35:15 UTC 2025
Daily update on Sun Dec 21 07:36:37 UTC 2025
Daily update on Mon Dec 22 07:41:28 UTC 2025
Daily update on Tue Dec 23 07:41:40 UTC 2025
Daily update on Wed Dec 24 07:41:41 UTC 2025
Daily update on Thu Dec 25 07:39:55 UTC 2025
Daily update on Fri Dec 26 07:39:27 UTC 2025
Daily update on Sat Dec 27 07:36:50 UTC 2025
Daily update on Sun Dec 28 07:37:53 UTC 2025
Daily update on Mon Dec 29 07:43:49 UTC 2025
